{
  
  "Constraints": [
    [ 5, 6 ],
    [ 6, 7 ],
    [ 7, 8 ],
    [ 8, 5 ],
    [ 9, 10 ],
    [ 10, 11 ],
    [ 11, 12 ],
    [ 12, 9 ],
    [ 13, 14 ],
    [ 14, 15 ],
    [ 15, 16 ],
    [ 16, 13 ],
    [ 17, 18 ],
    [ 18, 19 ],
    [ 19, 20 ],
    [ 20, 21 ],
    [ 21, 22 ],
    [ 22, 17 ],
    [ 23, 24 ],
    [ 24, 25 ],
    [ 25, 26 ],
    [ 26, 27 ],
    [ 27, 28 ],
    [ 28, 29 ],
    [ 29, 12 ],
    [ 12, 23 ],
    [ 30, 31 ],
    [ 31, 32 ],
    [ 32, 33 ],
    [ 33, 34 ],
    [ 34, 35 ],
    [ 35, 36 ],
    [ 36, 37 ],
    [ 37, 30 ],
    [ 38, 39 ],
    [ 39, 40 ],
    [ 40, 41 ],
    [ 41, 42 ],
    [ 42, 43 ],
    [ 43, 44 ],
    [ 44, 45 ],
    [ 45, 38 ],
    [ 46, 28 ],
    [ 27, 47 ],
    [ 47, 48 ],
    [ 48, 30 ],
    [ 31, 49 ],
    [ 49, 46 ],
    [ 50, 34 ],
    [ 35, 51 ],
    [ 51, 52 ],
    [ 52, 39 ],
    [ 38, 53 ],
    [ 53, 50 ],
    [ 54, 55 ],
    [ 55, 56 ],
    [ 56, 57 ],
    [ 57, 58 ],
    [ 58, 54 ],
    [ 59, 60 ],
    [ 60, 61 ],
    [ 61, 62 ],
    [ 62, 63 ],
    [ 63, 59 ],
    [ 64, 65 ],
    [ 65, 66 ],
    [ 66, 67 ],
    [ 67, 68 ],
    [ 68, 64 ],
    [ 69, 70 ],
    [ 70, 71 ],
    [ 71, 72 ],
    [ 72, 73 ],
    [ 73, 69 ],
    [ 74, 75 ],
    [ 75, 76 ],
    [ 76, 77 ],
    [ 77, 78 ],
    [ 78, 74 ],
    [ 79, 80 ],
    [ 80, 81 ],
    [ 81, 82 ],
    [ 82, 83 ],
    [ 83, 79 ],
    [ 1, 9 ],
    [ 2, 21 ],
    [ 3, 7 ],
    [ 4, 16 ],
    [ 8, 4 ],
    [ 10, 43 ],
    [ 13, 24 ],
    [ 20, 3 ],
    [ 23, 1 ],
    [ 42, 2 ]
  ],
  "Points": [
    [ 0, 0 ],
    [ 200, 0 ],
    [ 200, 200 ],
    [ 0, 200 ],
    [ 20, 155 ],
    [ 40, 155 ],
    [ 40, 200 ],
    [ 20, 200 ],
    [ 30, 0 ],
    [ 55, 0 ],
    [ 55, 45 ],
    [ 30, 45 ],
    [ 0, 145 ],
    [ 100, 145 ],
    [ 100, 150 ],
    [ 0, 150 ],
    [ 150, 145 ],
    [ 150, 150 ],
    [ 170, 150 ],
    [ 200, 125 ],
    [ 200, 120 ],
    [ 170, 145 ],
    [ 0, 20 ],
    [ 0, 30 ],
    [ 22, 45 ],
    [ 10, 70 ],
    [ 12, 95 ],
    [ 25, 85 ],
    [ 20, 70 ],
    [ 28, 100 ],
    [ 32, 95 ],
    [ 50, 100 ],
    [ 65, 70 ],
    [ 90, 45 ],
    [ 100, 50 ],
    [ 70, 70 ],
    [ 55, 105 ],
    [ 100, 40 ],
    [ 105, 45 ],
    [ 120, 30 ],
    [ 160, 40 ],
    [ 190, 0 ],
    [ 180, 0 ],
    [ 165, 25 ],
    [ 125, 22 ],
    [ 27, 84 ],
    [ 10, 96 ],
    [ 27, 101 ],
    [ 33, 94 ],
    [ 89, 44 ],
    [ 101, 51 ],
    [ 106, 46 ],
    [ 99, 39 ],
    [ 55, 120 ],
    [ 52.5, 124.3301270189222 ],
    [ 47.5, 124.3301270189222 ],
    [ 45, 120 ],
    [ 47.5, 115.6698729810778 ],
    [ 85, 80 ],
    [ 82.5, 84.3301270189222 ],
    [ 77.5, 84.3301270189222 ],
    [ 75, 80 ],
    [ 77.5, 75.6698729810778 ],
    [ 80, 45 ],
    [ 77.5, 49.330127018922191 ],
    [ 72.5, 49.330127018922191 ],
    [ 70, 45 ],
    [ 72.5, 40.669872981077809 ],
    [ 135, 40 ],
    [ 132.5, 44.330127018922191 ],
    [ 127.5, 44.330127018922191 ],
    [ 125, 40 ],
    [ 127.5, 35.669872981077809 ],
    [ 180, 35 ],
    [ 177.5, 39.330127018922191 ],
    [ 172.5, 39.330127018922191 ],
    [ 170, 35 ],
    [ 172.5, 30.669872981077809 ],
    [ 195, 25 ],
    [ 192.5, 29.330127018922191 ],
    [ 187.5, 29.330127018922195 ],
    [ 185, 25 ],
    [ 187.5, 20.669872981077809 ]
  ],
  "ConnectivityList": [
    [ 17, 14, 59 ],
    [ 35, 36, 34 ],
    [ 55, 13, 56 ],
    [ 53, 10, 45 ],
    [ 15, 14, 17 ],
    [ 39, 38, 40 ],
    [ 51, 59, 63 ],
    [ 37, 36, 62 ],
    [ 68, 11, 10 ],
    [ 60, 37, 61 ],
    [ 68, 10, 53 ],
    [ 73, 41, 69 ],
    [ 65, 66, 68 ],
    [ 66, 33, 11 ],
    [ 30, 27, 28 ],
    [ 37, 62, 61 ],
    [ 26, 25, 29 ],
    [ 26, 27, 47 ],
    [ 12, 23, 9 ],
    [ 11, 67, 66 ],
    [ 68, 66, 67 ],
    [ 36, 35, 63 ],
    [ 50, 68, 53 ],
    [ 67, 11, 68 ],
    [ 51, 71, 59 ],
    [ 28, 27, 26 ],
    [ 33, 34, 36 ],
    [ 38, 35, 34 ],
    [ 22, 18, 17 ],
    [ 57, 13, 48 ],
    [ 80, 79, 21 ],
    [ 71, 51, 52 ],
    [ 41, 42, 78 ],
    [ 75, 80, 21 ],
    [ 79, 2, 21 ],
    [ 40, 41, 73 ],
    [ 9, 10, 12 ],
    [ 23, 25, 24 ],
    [ 12, 29, 25 ],
    [ 12, 11, 29 ],
    [ 1, 9, 23 ],
    [ 29, 11, 33 ],
    [ 12, 10, 11 ],
    [ 50, 34, 64 ],
    [ 35, 51, 63 ],
    [ 16, 6, 5 ],
    [ 30, 58, 48 ],
    [ 28, 49, 31 ],
    [ 28, 46, 49 ],
    [ 14, 16, 13 ],
    [ 23, 12, 25 ],
    [ 62, 63, 59 ],
    [ 62, 36, 63 ],
    [ 25, 26, 24 ],
    [ 29, 28, 26 ],
    [ 24, 47, 13 ],
    [ 24, 26, 47 ],
    [ 46, 28, 29 ],
    [ 31, 30, 28 ],
    [ 33, 46, 29 ],
    [ 33, 49, 46 ],
    [ 58, 57, 48 ],
    [ 47, 48, 13 ],
    [ 47, 27, 48 ],
    [ 49, 32, 31 ],
    [ 48, 27, 30 ],
    [ 8, 4, 5 ],
    [ 15, 16, 14 ],
    [ 4, 16, 5 ],
    [ 6, 8, 5 ],
    [ 22, 19, 18 ],
    [ 7, 8, 6 ],
    [ 45, 38, 53 ],
    [ 16, 15, 6 ],
    [ 14, 55, 54 ],
    [ 60, 54, 37 ],
    [ 55, 56, 57 ],
    [ 31, 32, 30 ],
    [ 54, 55, 57 ],
    [ 38, 45, 40 ],
    [ 54, 57, 58 ],
    [ 33, 32, 49 ],
    [ 37, 54, 58 ],
    [ 41, 45, 44 ],
    [ 60, 59, 14 ],
    [ 50, 64, 68 ],
    [ 65, 68, 64 ],
    [ 38, 34, 53 ],
    [ 34, 65, 64 ],
    [ 53, 34, 50 ],
    [ 42, 44, 43 ],
    [ 70, 17, 59 ],
    [ 35, 38, 39 ],
    [ 41, 40, 45 ],
    [ 62, 59, 60 ],
    [ 54, 60, 14 ],
    [ 61, 62, 60 ],
    [ 3, 15, 18 ],
    [ 7, 6, 15 ],
    [ 39, 51, 35 ],
    [ 74, 78, 82 ],
    [ 22, 17, 21 ],
    [ 18, 15, 17 ],
    [ 20, 19, 22 ],
    [ 19, 3, 18 ],
    [ 21, 20, 22 ],
    [ 3, 7, 15 ],
    [ 39, 52, 51 ],
    [ 39, 40, 52 ],
    [ 59, 71, 70 ],
    [ 72, 40, 73 ],
    [ 17, 70, 41 ],
    [ 71, 72, 73 ],
    [ 3, 19, 20 ],
    [ 78, 42, 83 ],
    [ 41, 78, 77 ],
    [ 17, 41, 21 ],
    [ 77, 78, 76 ],
    [ 76, 75, 21 ],
    [ 76, 78, 75 ],
    [ 75, 74, 80 ],
    [ 75, 78, 74 ],
    [ 52, 72, 71 ],
    [ 52, 40, 72 ],
    [ 78, 83, 82 ],
    [ 70, 71, 73 ],
    [ 76, 41, 77 ],
    [ 70, 73, 69 ],
    [ 21, 41, 76 ],
    [ 70, 69, 41 ],
    [ 44, 45, 43 ],
    [ 33, 37, 32 ],
    [ 56, 13, 57 ],
    [ 14, 13, 55 ],
    [ 45, 10, 43 ],
    [ 81, 82, 80 ],
    [ 2, 83, 42 ],
    [ 80, 82, 83 ],
    [ 74, 81, 80 ],
    [ 74, 82, 81 ],
    [ 83, 79, 80 ],
    [ 83, 2, 79 ],
    [ 37, 30, 32 ],
    [ 30, 37, 58 ],
    [ 36, 37, 33 ],
    [ 65, 33, 66 ],
    [ 34, 33, 65 ],
    [ 42, 41, 44 ]
  ]
}