{
    "sensors": [
        {
            "shape": [
                "rectangle", 
                [
                    20, 
                    20
                ]
            ], 
            "dm": 28.284271247461902, 
            "v": 1.0, 
            "color": "r", 
            "position": [
                0, 
                0, 
                0
            ], 
            "r": 0.5, 
            "quality": 1.0, 
            "dc": 40, 
            "d0": 9
        }, 
        {
            "shape": [
                "rectangle", 
                [
                    20, 
                    20
                ]
            ], 
            "dm": 28.284271247461902, 
            "v": 1.0, 
            "color": "g", 
            "position": [
                10, 
                10, 
                0
            ], 
            "r": 0.5, 
            "quality": 1.0, 
            "dc": 40, 
            "d0": 9
        }, 
        {
            "shape": [
                "rectangle", 
                [
                    20, 
                    20
                ]
            ], 
            "dm": 28.284271247461902, 
            "v": 1.0, 
            "color": "peru", 
            "position": [
                -10, 
                -10, 
                0
            ], 
            "r": 0.5, 
            "quality": 1.0, 
            "dc": 40, 
            "d0": 9
        }
    ], 
    "dt": 0.1
}