{
	"Constraints":[
		[
			4,
			1
		],
		[
			5,
			6
		],
		[
			6,
			7
		],
		[
			7,
			8
		],
		[
			8,
			9
		],
		[
			9,
			10
		],
		[
			10,
			5
		],
		[
			11,
			12
		],
		[
			12,
			13
		],
		[
			13,
			14
		],
		[
			14,
			15
		],
		[
			15,
			16
		],
		[
			16,
			11
		],
		[
			17,
			18
		],
		[
			18,
			19
		],
		[
			19,
			20
		],
		[
			20,
			21
		],
		[
			21,
			22
		],
		[
			22,
			23
		],
		[
			25,
			26
		],
		[
			26,
			27
		],
		[
			27,
			28
		],
		[
			28,
			29
		],
		[
			29,
			30
		],
		[
			30,
			17
		],
		[
			31,
			32
		],
		[
			33,
			34
		],
		[
			34,
			35
		],
		[
			35,
			36
		],
		[
			38,
			39
		],
		[
			39,
			40
		],
		[
			40,
			41
		],
		[
			41,
			42
		],
		[
			42,
			43
		],
		[
			43,
			44
		],
		[
			44,
			31
		],
		[
			45,
			46
		],
		[
			46,
			47
		],
		[
			47,
			48
		],
		[
			48,
			49
		],
		[
			49,
			50
		],
		[
			50,
			51
		],
		[
			53,
			54
		],
		[
			54,
			55
		],
		[
			55,
			56
		],
		[
			56,
			57
		],
		[
			59,
			60
		],
		[
			60,
			61
		],
		[
			61,
			62
		],
		[
			63,
			64
		],
		[
			65,
			66
		],
		[
			66,
			67
		],
		[
			67,
			68
		],
		[
			68,
			69
		],
		[
			69,
			70
		],
		[
			70,
			71
		],
		[
			71,
			72
		],
		[
			72,
			59
		],
		[
			1,
			17
		],
		[
			2,
			45
		],
		[
			3,
			38
		],
		[
			23,
			2
		],
		[
			23,
			74
		],
		[
			24,
			77
		],
		[
			32,
			75
		],
		[
			36,
			78
		],
		[
			37,
			73
		],
		[
			44,
			4
		],
		[
			51,
			3
		],
		[
			51,
			73
		],
		[
			52,
			76
		],
		[
			57,
			77
		],
		[
			58,
			74
		],
		[
			62,
			78
		],
		[
			64,
			75
		],
		[
			73,
			38
		],
		[
			73,
			52
		],
		[
			74,
			24
		],
		[
			74,
			45
		],
		[
			75,
			33
		],
		[
			75,
			65
		],
		[
			76,
			37
		],
		[
			76,
			53
		],
		[
			77,
			25
		],
		[
			77,
			58
		],
		[
			78,
			63
		],
		[
			78,
			76
		]
	],
	"Points":[
		[
			-100,
			-100
		],
		[
			100,
			-100
		],
		[
			100,
			100
		],
		[
			-100,
			100
		],
		[
			-50,
			-40
		],
		[
			-55,
			-31.339745962155614
		],
		[
			-65,
			-31.339745962155611
		],
		[
			-70,
			-40
		],
		[
			-65,
			-48.660254037844382
		],
		[
			-55,
			-48.660254037844382
		],
		[
			5,
			-70
		],
		[
			2.5000000000000004,
			-65.6698729810778
		],
		[
			-2.4999999999999991,
			-65.6698729810778
		],
		[
			-5,
			-70
		],
		[
			-2.5000000000000022,
			-74.3301270189222
		],
		[
			2.5000000000000004,
			-74.3301270189222
		],
		[
			-90,
			-100
		],
		[
			-40,
			-100
		],
		[
			-10,
			-100
		],
		[
			0,
			-100
		],
		[
			10,
			-100
		],
		[
			40,
			-100
		],
		[
			90,
			-100
		],
		[
			90,
			-80
		],
		[
			40,
			-80
		],
		[
			10,
			-80
		],
		[
			0,
			-80
		],
		[
			-10,
			-80
		],
		[
			-40,
			-80
		],
		[
			-90,
			-80
		],
		[
			-90,
			80
		],
		[
			-40,
			80
		],
		[
			-10,
			80
		],
		[
			0,
			80
		],
		[
			10,
			80
		],
		[
			40,
			80
		],
		[
			90,
			80
		],
		[
			90,
			100
		],
		[
			40,
			100
		],
		[
			10,
			100
		],
		[
			0,
			100
		],
		[
			-10,
			100
		],
		[
			-40,
			100
		],
		[
			-90,
			100
		],
		[
			100,
			-90
		],
		[
			100,
			-40
		],
		[
			100,
			-10
		],
		[
			100,
			0
		],
		[
			100,
			10
		],
		[
			100,
			40
		],
		[
			100,
			90
		],
		[
			80,
			90
		],
		[
			80,
			40
		],
		[
			80,
			10
		],
		[
			80,
			0
		],
		[
			80,
			-10
		],
		[
			80,
			-40
		],
		[
			80,
			-90
		],
		[
			-30.03653350958249,
			-75.854011413464363
		],
		[
			-32.018266754791242,
			-45.427005706732182
		],
		[
			3.1234752377721215,
			-48.904344047215147
		],
		[
			58.112401027055171,
			-3.5717489945962821
		],
		[
			49.988925789283044,
			80.332595052618871
		],
		[
			-0.82199493652678646,
			84.931969619160725
		],
		[
			-31.643989873053574,
			79.863939238321436
		],
		[
			-28.356010126946426,
			60.136060761678564
		],
		[
			0.82199493652678646,
			65.068030380839275
		],
		[
			40.011074210716956,
			69.667404947381129
		],
		[
			41.887598972944829,
			3.5717489945962821
		],
		[
			-3.1234752377721215,
			-31.095655952784849
		],
		[
			-41.981733245208758,
			-34.572994293267818
		],
		[
			-49.96346649041751,
			-74.145988586535637
		],
		[
			90,
			90
		],
		[
			90,
			-90
		],
		[
			-30.816515727797523,
			80
		],
		[
			80,
			80
		],
		[
			80,
			-80
		],
		[
			50.021127074029806,
			80
		]
	],